Model,RMSE,R2_Score(training),R2_Score(test),Cross-Validation,Dataset
Support Vector Regression,5.6396645900477935,0.6939533412459005,0.5336754608748349,0.6326028108971523,Boston Housing
Linear Regression,4.83604706518522,0.750158126946193,0.657103734062815,0.6924461175868144,Boston Housing
Ridge Regression,3.136307725949591,0.9063889037524493,0.855782137686883,0.821575990418709,Boston Housing
